temp,rain_1h,snow_1h,clouds_all,weather_main,weather_description,date_time,traffic_volume
275.51,0.03,0.1,46,Snow,shower snow,03-01-2018 05:00:00,648
267.91,0.1,0.41,71,Clouds,scattered clouds,04-01-2018 02:00:00,838
264.98,0.12,0.17,72,Clouds,overcast clouds,10-01-2018 05:00:00,494
269.04,0.05,0.4,50,Snow,shower snow,12-01-2018 18:00:00,2832
269.29,0.05,0.12,44,Snow,heavy snow,18-01-2018 17:00:00,4482
267.56,0.16,0.25,22,Snow,light snow,20-01-2018 08:00:00,4283
277.08,0.53,0.05,15,Mist,haze,31-01-2018 06:00:00,5536
280.71,0.83,0.04,92,Rain,very heavy rain,05-02-2018 11:00:00,3182
273.59,0.17,0.47,66,Clouds,broken clouds,09-02-2018 06:00:00,4491
264.51,0.16,0.26,18,Snow,heavy snow,12-02-2018 17:00:00,3859
264.98,0.07,0.43,73,Clouds,broken clouds,20-02-2018 20:00:00,1438
261.67,0.05,0.53,84,Snow,light snow,22-02-2018 19:00:00,3139
277.68,1.04,0.04,40,Rain,light rain,04-03-2018 16:00:00,4977
277.09,1.28,0.03,74,Clouds,overcast clouds,22-03-2018 14:00:00,2506
293.76,0.22,0.01,35,Rain,very heavy rain,17-04-2018 08:00:00,4924
275.88,0.12,0.39,40,Snow,heavy snow,25-04-2018 21:00:00,2449
287.98,0.96,0.01,30,Mist,mist,10-05-2018 05:00:00,612
293.08,1.37,0.02,16,Mist,haze,14-05-2018 09:00:00,3004
293.77,0.48,0.1,81,Clouds,broken clouds,16-05-2018 08:00:00,5204
293.46,1.0,0.05,70,Rain,light rain,17-05-2018 14:00:00,3114
284.61,0.96,0.08,46,Rain,very heavy rain,25-05-2018 22:00:00,1720
284.13,0.46,0.04,42,Mist,haze,31-05-2018 17:00:00,3641
306.39,0.19,0.09,81,Rain,moderate rain,12-06-2018 17:00:00,5550
306.02,0.77,0.01,97,Rain,very heavy rain,21-06-2018 13:00:00,3596
305.31,0.64,0.07,54,Rain,drizzle,23-06-2018 13:00:00,3954
302.71,0.48,0.04,60,Rain,moderate rain,25-06-2018 07:00:00,4592
302.14,1.57,0.09,30,Rain,very heavy rain,16-07-2018 18:00:00,3826
296.05,1.62,0.1,82,Rain,heavy intensity rain,28-07-2018 22:00:00,1540
297.25,0.12,0.02,83,Rain,moderate rain,31-07-2018 11:00:00,4610
299.74,0.97,0.06,28,Rain,moderate rain,06-08-2018 01:00:00,222
289.53,0.15,0.06,76,Clouds,overcast clouds,06-08-2018 21:00:00,1809
297.14,0.95,0.04,34,Clear,few clouds,17-08-2018 10:00:00,2876
298.92,0.76,0.1,63,Clouds,broken clouds,26-08-2018 07:00:00,5629
291.9,1.59,0.02,94,Clouds,overcast clouds,29-08-2018 18:00:00,3302
296.54,0.33,0.02,25,Rain,very heavy rain,31-08-2018 09:00:00,6123
284.58,0.1,0.04,91,Rain,very heavy rain,08-09-2018 06:00:00,3591
294.12,1.31,0.08,44,Clear,few clouds,10-09-2018 09:00:00,2946
281.25,0.48,0.03,97,Rain,heavy intensity rain,15-09-2018 07:00:00,5737
288.65,0.75,0.06,87,Rain,very heavy rain,01-10-2018 20:00:00,2257
285.56,0.75,0.08,79,Clouds,overcast clouds,02-10-2018 06:00:00,4620
281.51,0.2,0.12,92,Clouds,overcast clouds,04-10-2018 06:00:00,5704
295.89,1.13,0.04,17,Rain,moderate rain,05-10-2018 10:00:00,3521
288.58,0.34,0.07,71,Clouds,broken clouds,23-10-2018 20:00:00,1886
271.91,0.12,0.21,75,Clouds,overcast clouds,02-11-2018 11:00:00,4629
275.78,0.14,0.24,51,Snow,light snow,07-11-2018 15:00:00,2868
275.27,0.1,0.25,29,Clouds,overcast clouds,09-11-2018 04:00:00,723
265.12,0.12,0.3,67,Snow,sleet,13-11-2018 08:00:00,2564
267.28,0.16,0.19,85,Snow,light snow,16-11-2018 09:00:00,4653
272.19,0.01,0.2,45,Snow,snow,17-11-2018 05:00:00,281
276.86,0.3,0.11,30,Rain,heavy intensity rain,18-11-2018 12:00:00,4301
273.18,0.1,0.16,76,Snow,shower snow,28-11-2018 00:00:00,625
272.64,0.14,0.18,32,Snow,shower snow,29-11-2018 21:00:00,1849
269.72,0.11,0.47,51,Rain,very heavy rain,13-12-2018 22:00:00,2165
273.08,0.09,0.32,57,Snow,snow,16-12-2018 16:00:00,3597
280.04,0.71,0.04,44,Rain,very heavy rain,28-12-2018 11:00:00,4181
270.78,0.04,0.37,99,Clouds,overcast clouds,04-01-2019 02:00:00,489
260.41,0.01,0.5,71,Snow,snow,07-01-2019 03:00:00,251
266.25,0.12,0.39,48,Rain,drizzle,10-01-2019 05:00:00,538
275.75,0.16,0.43,95,Snow,light snow,11-01-2019 16:00:00,3624
273.61,0.08,0.42,51,Snow,light snow,13-01-2019 23:00:00,1165
273.27,0.15,0.06,53,Snow,heavy snow,15-01-2019 03:00:00,498
266.34,0.04,0.39,82,Snow,shower snow,15-01-2019 20:00:00,1968
266.78,0.05,0.34,45,Snow,sleet,18-01-2019 03:00:00,408
272.07,0.04,0.39,74,Snow,heavy snow,22-01-2019 23:00:00,1044
274.21,0.06,0.27,69,Rain,light rain,23-01-2019 17:00:00,3461
267.3,0.06,0.55,60,Clouds,broken clouds,25-01-2019 22:00:00,1346
274.32,0.15,0.42,21,Clouds,scattered clouds,01-02-2019 04:00:00,714
273.35,0.13,0.36,43,Clouds,scattered clouds,02-02-2019 17:00:00,4411
268.44,0.08,0.2,95,Snow,snow,05-02-2019 02:00:00,286
270.06,0.03,0.13,56,Snow,heavy snow,15-02-2019 22:00:00,2160
277.54,0.46,0.1,49,Rain,heavy intensity rain,16-02-2019 16:00:00,4987
265.6,0.14,0.08,29,Snow,sleet,07-03-2019 02:00:00,840
276.9,0.07,0.07,26,Rain,heavy intensity rain,07-03-2019 08:00:00,5694
275.16,0.03,0.52,63,Snow,light snow,12-03-2019 18:00:00,5109
271.75,0.12,0.35,86,Snow,sleet,14-03-2019 12:00:00,3059
265.4,0.06,0.52,29,Snow,light snow,24-03-2019 17:00:00,3799
279.54,0.64,0.11,32,Mist,haze,09-04-2019 02:00:00,1010
290.4,1.1,0.1,34,Mist,mist,13-04-2019 18:00:00,3748
290.14,1.42,0.02,71,Clouds,overcast clouds,20-04-2019 19:00:00,4704
286.21,1.6,0.11,65,Clouds,scattered clouds,12-05-2019 11:00:00,2761
287.25,0.13,0.05,91,Clouds,overcast clouds,20-05-2019 01:00:00,460
294.12,0.94,0.07,23,Clear,few clouds,22-05-2019 12:00:00,2621
280.29,1.42,0.03,91,Rain,heavy intensity rain,25-05-2019 08:00:00,2875
275.35,0.14,0.22,18,Snow,light snow,26-05-2019 00:00:00,316
290.63,0.89,0.09,31,Rain,heavy intensity rain,27-05-2019 16:00:00,4499
281.87,1.56,0.01,72,Clouds,overcast clouds,31-05-2019 03:00:00,583
303.21,0.15,0.06,97,Rain,light rain,13-06-2019 04:00:00,752
294.35,0.18,0.08,71,Rain,heavy intensity rain,14-06-2019 08:00:00,5857
300.95,1.19,0.05,96,Clouds,broken clouds,19-06-2019 17:00:00,4234
296.83,1.17,0.1,70,Clouds,overcast clouds,22-06-2019 11:00:00,2660
292.71,1.37,0.05,44,Mist,fog,01-07-2019 00:00:00,455
309.2,1.15,0.06,62,Rain,light rain,06-07-2019 14:00:00,2279
300.93,0.94,0.07,62,Clouds,broken clouds,13-07-2019 04:00:00,672
304.1,1.56,0.06,60,Clouds,scattered clouds,14-07-2019 18:00:00,3774
295.74,0.86,0.03,60,Rain,light rain,16-07-2019 09:00:00,3914
293.89,0.5,0.03,62,Rain,drizzle,20-07-2019 17:00:00,6146
297.94,0.94,0.08,93,Clouds,overcast clouds,05-08-2019 03:00:00,368
297.64,0.54,0.05,49,Rain,moderate rain,06-08-2019 02:00:00,829
301.36,0.28,0.08,99,Rain,drizzle,08-08-2019 13:00:00,3481
299.55,0.6,0.05,63,Clouds,overcast clouds,14-08-2019 08:00:00,5742
299.75,0.3,0.09,25,Rain,light rain,16-08-2019 00:00:00,528
300.93,0.83,0.06,71,Rain,drizzle,20-08-2019 18:00:00,3056
294.08,1.14,0.06,29,Clear,sky is clear,22-08-2019 19:00:00,4423
273.61,0.05,0.19,22,Snow,heavy snow,01-09-2019 00:00:00,409
283.8,0.74,0.02,15,Clear,few clouds,02-09-2019 05:00:00,323
286.17,0.12,0.01,65,Clouds,broken clouds,03-09-2019 22:00:00,2879
281.68,1.19,0.06,69,Rain,light rain,03-09-2019 23:00:00,990
288.34,1.15,0.05,94,Rain,light rain,18-09-2019 14:00:00,2752
281.44,0.68,0.04,66,Rain,heavy intensity rain,22-09-2019 22:00:00,3295
282.25,1.06,0.07,36,Rain,heavy intensity rain,23-09-2019 09:00:00,3833
293.76,0.43,0.03,97,Rain,drizzle,24-09-2019 13:00:00,3226
280.22,1.57,0.08,98,Rain,drizzle,17-10-2019 17:00:00,4583
284.75,1.63,0.05,87,Clouds,broken clouds,23-10-2019 20:00:00,1538
272.97,0.06,0.19,75,Snow,shower snow,12-11-2019 14:00:00,2167
263.77,0.06,0.23,72,Snow,light snow,13-11-2019 17:00:00,4828
268.24,0.14,0.32,64,Clouds,overcast clouds,18-11-2019 19:00:00,4565
266.43,0.02,0.12,92,Snow,heavy snow,27-11-2019 03:00:00,699
260.26,0.08,0.17,97,Snow,shower snow,28-11-2019 00:00:00,632
274.44,0.14,0.24,62,Clouds,overcast clouds,03-12-2019 04:00:00,912
266.95,0.13,0.09,57,Snow,shower snow,16-12-2019 10:00:00,2411
272.62,0.06,0.51,89,Clouds,scattered clouds,16-12-2019 18:00:00,4867
270.85,0.14,0.23,25,Clouds,overcast clouds,24-12-2019 14:00:00,2982
275.91,0.01,0.3,97,Snow,snow,25-12-2019 09:00:00,3957
268.25,0.04,0.55,77,Snow,light snow,04-01-2020 09:00:00,4387
266.95,0.14,0.21,82,Snow,sleet,26-01-2020 11:00:00,2340
270.6,0.08,0.12,94,Snow,snow,02-02-2020 01:00:00,557
270.09,0.17,0.16,72,Rain,moderate rain,02-02-2020 13:00:00,4106
282.1,0.79,0.04,88,Rain,drizzle,05-02-2020 13:00:00,4314
275.07,0.03,0.45,35,Snow,sleet,20-02-2020 06:00:00,3774
274.55,0.03,0.3,28,Snow,snow,15-03-2020 17:00:00,3619
260.46,0.17,0.26,80,Snow,sleet,16-03-2020 22:00:00,2027
262.85,0.05,0.3,68,Clouds,scattered clouds,19-03-2020 18:00:00,4118
262.86,0.02,0.11,98,Clouds,scattered clouds,25-03-2020 00:00:00,1027
286.53,0.06,0.02,75,Rain,moderate rain,14-04-2020 16:00:00,5847
286.55,0.23,0.04,92,Rain,light rain,14-04-2020 17:00:00,4576
282.6,1.05,0.02,68,Clouds,broken clouds,24-04-2020 01:00:00,671
288.4,0.44,0.03,95,Rain,drizzle,25-04-2020 09:00:00,4745
282.09,0.35,0.08,45,Mist,mist,28-04-2020 22:00:00,2777
281.92,1.63,0.07,84,Rain,very heavy rain,29-04-2020 03:00:00,233
280.39,0.08,0.1,62,Rain,light rain,09-05-2020 19:00:00,5983
284.37,0.61,0.05,57,Clouds,overcast clouds,11-05-2020 12:00:00,4503
286.84,1.35,0.02,76,Clouds,broken clouds,13-05-2020 18:00:00,2790
292.97,1.47,0.04,20,Rain,very heavy rain,19-05-2020 10:00:00,3349
276.78,0.62,0.1,97,Clouds,broken clouds,21-05-2020 22:00:00,2259
290.36,0.75,0.05,30,Rain,very heavy rain,23-05-2020 17:00:00,4988
298.44,0.85,0.11,38,Clear,few clouds,01-06-2020 06:00:00,2770
303.08,0.56,0.02,38,Mist,fog,01-06-2020 10:00:00,4345
305.69,0.61,0.01,36,Mist,haze,06-06-2020 11:00:00,4381
301.76,1.32,0.02,50,Clouds,broken clouds,07-06-2020 07:00:00,3720
308.47,0.28,0.08,35,Clear,sky is clear,11-06-2020 09:00:00,3575
299.5,0.64,0.05,45,Clear,few clouds,18-06-2020 03:00:00,629
296.49,0.17,0.03,62,Rain,heavy intensity rain,20-06-2020 19:00:00,6260
294.74,0.23,0.09,50,Rain,very heavy rain,27-06-2020 06:00:00,5600
296.09,0.47,0.06,30,Mist,haze,15-07-2020 17:00:00,5611
296.02,1.41,0.06,40,Mist,mist,23-07-2020 15:00:00,3127
303.15,0.51,0.04,23,Rain,moderate rain,08-08-2020 10:00:00,4080
298.71,1.63,0.1,80,Rain,very heavy rain,18-08-2020 13:00:00,2041
292.64,1.34,0.07,88,Clouds,scattered clouds,24-08-2020 22:00:00,1368
284.2,1.28,0.1,76,Rain,heavy intensity rain,02-09-2020 05:00:00,644
289.77,0.6,0.11,74,Clouds,overcast clouds,02-09-2020 16:00:00,6007
293.1,0.26,0.07,38,Clear,sky is clear,06-09-2020 13:00:00,3845
276.37,1.55,0.03,36,Mist,mist,29-09-2020 02:00:00,369
279.59,1.05,0.08,85,Rain,moderate rain,11-10-2020 20:00:00,2449
260.84,0.16,0.36,34,Snow,shower snow,03-11-2020 02:00:00,240
259.4,0.14,0.52,18,Snow,snow,04-11-2020 02:00:00,813
271.06,0.12,0.29,94,Snow,heavy snow,04-11-2020 19:00:00,4109
263.58,0.02,0.08,66,Snow,sleet,05-11-2020 21:00:00,1936
266.55,0.06,0.48,92,Clouds,broken clouds,12-11-2020 08:00:00,3122
273.24,0.09,0.2,80,Snow,snow,13-11-2020 16:00:00,2984
273.94,0.08,0.48,52,Rain,heavy intensity rain,16-11-2020 03:00:00,679
275.37,0.1,0.29,39,Snow,heavy snow,20-11-2020 17:00:00,3965
266.91,0.05,0.53,65,Snow,light snow,27-11-2020 21:00:00,1762
268.41,0.01,0.19,98,Snow,snow,12-12-2020 01:00:00,420
263.96,0.11,0.24,66,Snow,shower snow,21-12-2020 22:00:00,1628
270.37,0.15,0.32,79,Snow,shower snow,22-12-2020 07:00:00,2723
272.8,0.07,0.45,27,Clouds,scattered clouds,23-12-2020 12:00:00,3561
258.83,0.07,0.11,20,Snow,sleet,25-12-2020 22:00:00,1585
268.58,0.06,0.51,80,Snow,shower snow,03-01-2021 13:00:00,3018
272.07,0.13,0.31,79,Snow,light snow,16-01-2021 21:00:00,1839
282.18,0.98,0.1,29,Clear,few clouds,20-01-2021 12:00:00,3115
268.99,0.11,0.41,89,Snow,shower snow,18-02-2021 04:00:00,861
276.31,0.44,0.07,33,Clear,sky is clear,21-02-2021 07:00:00,5106
265.52,0.04,0.25,55,Snow,shower snow,21-02-2021 21:00:00,2214
274.46,0.11,0.3,22,Clouds,broken clouds,24-02-2021 07:00:00,3867
275.43,0.07,0.21,73,Clouds,overcast clouds,26-02-2021 05:00:00,1072
274.01,0.05,0.14,48,Snow,snow,02-03-2021 16:00:00,3930
271.88,0.09,0.29,41,Snow,heavy snow,07-03-2021 05:00:00,390
264.18,0.15,0.54,84,Clouds,broken clouds,10-03-2021 02:00:00,217
263.64,0.05,0.27,25,Snow,snow,13-03-2021 02:00:00,856
275.39,0.11,0.11,86,Snow,snow,13-03-2021 08:00:00,2807
261.11,0.03,0.16,82,Snow,sleet,16-03-2021 00:00:00,282
258.9,0.17,0.32,32,Snow,sleet,21-03-2021 21:00:00,2135
278.6,1.08,0.11,51,Rain,drizzle,03-04-2021 22:00:00,1697
286.44,0.33,0.11,19,Rain,light rain,09-04-2021 01:00:00,656
277.43,1.25,0.11,78,Rain,light rain,10-04-2021 03:00:00,192
279.5,1.62,0.04,92,Clouds,overcast clouds,12-04-2021 18:00:00,4448
293.1,0.8,0.03,32,Rain,moderate rain,14-04-2021 09:00:00,5179
283.85,0.35,0.09,97,Clouds,overcast clouds,17-04-2021 16:00:00,6362
277.27,1.42,0.11,39,Mist,mist,18-04-2021 21:00:00,2016
291.74,0.81,0.11,38,Rain,very heavy rain,29-04-2021 18:00:00,3500
295.7,0.53,0.09,49,Rain,heavy intensity rain,02-05-2021 11:00:00,3567
282.85,0.79,0.03,22,Mist,haze,04-05-2021 00:00:00,370
288.58,0.52,0.08,96,Rain,moderate rain,11-05-2021 20:00:00,2679
281.19,1.63,0.05,34,Mist,haze,12-05-2021 03:00:00,856
284.32,1.14,0.08,42,Mist,haze,27-05-2021 23:00:00,1024
282.75,1.38,0.11,87,Rain,drizzle,29-05-2021 15:00:00,2328
298.79,1.14,0.09,81,Rain,drizzle,04-06-2021 07:00:00,4208
289.8,0.71,0.07,73,Clouds,overcast clouds,04-06-2021 21:00:00,3352
303.01,0.68,0.1,54,Clouds,overcast clouds,10-06-2021 17:00:00,3899
300.54,1.17,0.07,20,Rain,light rain,24-06-2021 15:00:00,3194
295.95,0.27,0.08,67,Clouds,broken clouds,25-06-2021 08:00:00,4833
299.98,1.52,0.05,63,Rain,drizzle,06-07-2021 16:00:00,3307
297.28,1.64,0.05,59,Rain,moderate rain,08-07-2021 12:00:00,2126
294.05,1.2,0.06,53,Rain,moderate rain,14-07-2021 22:00:00,1696
291.95,1.55,0.09,34,Rain,very heavy rain,16-07-2021 21:00:00,2411
293.45,0.16,0.08,17,Rain,light rain,23-07-2021 19:00:00,4602
301.38,0.42,0.03,20,Clear,sky is clear,27-07-2021 13:00:00,4663
295.68,1.52,0.07,52,Clouds,overcast clouds,31-07-2021 17:00:00,3613
310.13,0.88,0.06,33,Rain,drizzle,08-08-2021 11:00:00,2633
295.44,0.13,0.05,69,Clouds,broken clouds,20-08-2021 02:00:00,1054
300.13,0.72,0.03,82,Rain,drizzle,25-08-2021 11:00:00,4539
299.84,0.53,0.09,45,Clear,few clouds,27-08-2021 02:00:00,676
294.6,0.67,0.04,86,Rain,light rain,29-08-2021 23:00:00,1621
290.14,1.21,0.03,62,Rain,drizzle,30-08-2021 04:00:00,612
297.72,1.27,0.09,24,Mist,mist,30-08-2021 10:00:00,2954
284.15,0.35,0.09,16,Mist,mist,06-09-2021 15:00:00,3437
287.63,0.93,0.1,65,Rain,drizzle,08-09-2021 21:00:00,2282
279.85,1.46,0.06,48,Clouds,overcast clouds,15-09-2021 21:00:00,2166
291.97,0.64,0.06,55,Clouds,scattered clouds,17-09-2021 07:00:00,3897
277.3,1.55,0.07,17,Rain,moderate rain,19-09-2021 23:00:00,825
285.98,0.44,0.07,63,Clouds,broken clouds,24-09-2021 18:00:00,4654
291.53,1.08,0.06,77,Rain,heavy intensity rain,26-09-2021 06:00:00,2878
288.73,1.52,0.07,84,Clouds,scattered clouds,03-10-2021 10:00:00,2261
286.89,1.12,0.09,24,Rain,moderate rain,05-10-2021 01:00:00,257
277.16,0.78,0.02,16,Mist,haze,23-10-2021 02:00:00,749
258.92,0.01,0.32,17,Snow,heavy snow,25-11-2021 03:00:00,675
274.38,0.08,0.4,17,Clouds,scattered clouds,27-11-2021 13:00:00,2362
273.61,0.06,0.46,94,Snow,heavy snow,01-12-2021 15:00:00,3277
273.95,0.13,0.16,46,Clouds,overcast clouds,05-12-2021 22:00:00,3255
267.39,0.1,0.23,19,Snow,light snow,09-12-2021 10:00:00,2351
274.57,0.18,0.21,70,Rain,light rain,12-12-2021 16:00:00,4541
278.67,1.16,0.07,42,Rain,light rain,15-12-2021 08:00:00,5119
274.2,0.17,0.06,84,Snow,snow,15-12-2021 15:00:00,2592
280.76,0.53,0.07,65,Clouds,broken clouds,17-12-2021 14:00:00,3958
278.44,0.27,0.12,64,Clouds,overcast clouds,18-12-2021 13:00:00,4016
265.81,0.02,0.16,21,Snow,shower snow,19-12-2021 08:00:00,4358
261.31,0.18,0.18,56,Snow,heavy snow,20-12-2021 19:00:00,4933
268.87,0.07,0.34,70,Clouds,scattered clouds,21-12-2021 14:00:00,2066
264.18,0.04,0.44,34,Snow,heavy snow,28-12-2021 02:00:00,256
267.95,0.03,0.43,54,Snow,sleet,28-12-2021 05:00:00,555
264.18,0.07,0.05,80,Snow,shower snow,29-12-2021 01:00:00,788
261.03,0.14,0.25,64,Clouds,scattered clouds,02-01-2022 05:00:00,835
264.71,0.03,0.23,81,Snow,sleet,14-01-2022 06:00:00,2764
269.6,0.14,0.19,70,Snow,snow,27-01-2022 09:00:00,4537
260.63,0.06,0.09,93,Clouds,overcast clouds,11-02-2022 00:00:00,639
264.7,0.15,0.26,57,Clouds,broken clouds,20-02-2022 01:00:00,456
274.01,0.08,0.13,40,Snow,sleet,26-02-2022 13:00:00,2689
271.17,0.03,0.24,50,Snow,shower snow,27-02-2022 02:00:00,587
263.6,0.17,0.41,85,Snow,heavy snow,28-02-2022 07:00:00,4359
270.52,0.06,0.11,67,Snow,snow,01-03-2022 20:00:00,2415
262.02,0.09,0.55,63,Snow,shower snow,02-03-2022 05:00:00,730
279.0,0.63,0.11,19,Clear,sky is clear,02-03-2022 13:00:00,3616
275.82,0.11,0.12,99,Snow,sleet,05-03-2022 09:00:00,3935
263.7,0.05,0.09,70,Clouds,overcast clouds,19-03-2022 18:00:00,5956
266.88,0.14,0.24,43,Snow,shower snow,30-03-2022 20:00:00,1509
287.94,0.52,0.11,18,Rain,moderate rain,06-04-2022 09:00:00,4726
280.55,1.3,0.07,54,Rain,light rain,07-04-2022 20:00:00,2099
278.57,0.53,0.1,72,Rain,heavy intensity rain,16-04-2022 22:00:00,3027
291.38,0.31,0.12,28,Rain,moderate rain,30-04-2022 10:00:00,3255
282.66,1.58,0.04,57,Rain,moderate rain,21-05-2022 03:00:00,350
280.36,1.23,0.11,70,Rain,very heavy rain,22-05-2022 21:00:00,1748
296.34,1.25,0.1,42,Rain,light rain,03-06-2022 16:00:00,4221
297.85,0.23,0.08,56,Rain,heavy intensity rain,09-06-2022 10:00:00,4191
293.71,0.23,0.05,93,Rain,moderate rain,18-06-2022 21:00:00,3366
300.28,0.99,0.08,53,Rain,moderate rain,24-06-2022 00:00:00,403
304.58,0.87,0.06,62,Rain,very heavy rain,27-06-2022 09:00:00,3662
295.88,1.52,0.11,96,Rain,moderate rain,29-06-2022 03:00:00,558
299.62,0.77,0.02,38,Rain,light rain,02-07-2022 14:00:00,4584
290.74,0.66,0.07,32,Mist,haze,11-07-2022 03:00:00,753
306.0,0.76,0.03,68,Clouds,scattered clouds,18-07-2022 13:00:00,3796
296.29,0.91,0.03,19,Rain,very heavy rain,25-07-2022 17:00:00,4544
296.61,1.29,0.1,88,Rain,light rain,07-08-2022 10:00:00,3446
297.04,1.38,0.09,69,Rain,light rain,11-08-2022 12:00:00,3284
293.69,1.64,0.1,26,Rain,drizzle,17-08-2022 02:00:00,718
301.66,0.32,0.03,93,Rain,moderate rain,23-08-2022 07:00:00,3543
299.44,0.5,0.07,87,Rain,heavy intensity rain,30-08-2022 09:00:00,4485
283.99,1.42,0.12,88,Clouds,scattered clouds,09-09-2022 16:00:00,3508
286.97,1.64,0.11,67,Rain,moderate rain,10-09-2022 02:00:00,364
292.78,1.27,0.08,56,Rain,drizzle,11-09-2022 09:00:00,4360
281.0,0.17,0.1,68,Clouds,broken clouds,12-09-2022 20:00:00,2755
292.07,1.45,0.06,50,Rain,drizzle,15-09-2022 13:00:00,2167
287.07,0.78,0.08,26,Rain,light rain,19-09-2022 19:00:00,5789
282.21,0.74,0.03,65,Rain,heavy intensity rain,23-09-2022 17:00:00,4983
284.93,0.96,0.06,85,Rain,light rain,24-09-2022 19:00:00,2708
275.05,0.04,0.51,73,Snow,sleet,26-10-2022 21:00:00,1795
277.28,0.53,0.11,31,Clear,few clouds,06-11-2022 07:00:00,4325
263.45,0.04,0.5,25,Snow,heavy snow,07-11-2022 00:00:00,799
272.05,0.03,0.09,44,Snow,light snow,17-11-2022 09:00:00,3032
274.04,0.13,0.04,81,Rain,very heavy rain,28-11-2022 17:00:00,4141
264.3,0.13,0.24,76,Snow,heavy snow,09-12-2022 07:00:00,3998
272.47,0.16,0.45,32,Snow,snow,10-12-2022 13:00:00,2245
276.27,0.31,0.05,16,Rain,moderate rain,14-12-2022 12:00:00,4286
270.74,0.02,0.48,93,Snow,light snow,20-12-2022 04:00:00,690
280.59,0.55,0.03,59,Rain,light rain,27-12-2022 15:00:00,3616
275.96,0.06,0.41,85,Clouds,overcast clouds,05-01-2023 13:00:00,2802
270.15,0.06,0.42,92,Snow,snow,13-01-2023 06:00:00,4037
273.18,0.1,0.34,45,Rain,heavy intensity rain,21-01-2023 09:00:00,2910
264.39,0.04,0.32,87,Snow,light snow,28-01-2023 01:00:00,210
265.03,0.02,0.06,16,Clouds,overcast clouds,01-02-2023 19:00:00,5652
267.61,0.12,0.25,68,Snow,snow,02-02-2023 05:00:00,380
274.08,0.15,0.14,25,Snow,sleet,16-02-2023 14:00:00,2142
277.58,1.4,0.02,70,Rain,very heavy rain,22-02-2023 10:00:00,2361
259.7,0.12,0.38,92,Snow,light snow,03-03-2023 21:00:00,2269
260.27,0.1,0.53,16,Clouds,scattered clouds,22-03-2023 01:00:00,452
277.62,0.24,0.11,49,Rain,very heavy rain,25-03-2023 14:00:00,3714
280.06,1.19,0.07,82,Rain,very heavy rain,02-04-2023 17:00:00,4291
294.38,0.32,0.03,78,Clouds,overcast clouds,16-04-2023 13:00:00,3072
284.47,0.05,0.1,44,Rain,light rain,19-04-2023 22:00:00,2666
283.36,0.29,0.11,61,Clouds,overcast clouds,25-04-2023 06:00:00,5985
277.25,0.45,0.11,68,Rain,light rain,09-05-2023 02:00:00,835
284.17,1.13,0.02,62,Rain,drizzle,15-05-2023 12:00:00,2350
285.78,1.44,0.1,23,Rain,light rain,30-05-2023 00:00:00,627
276.46,0.95,0.04,62,Clouds,broken clouds,31-05-2023 23:00:00,1146
308.22,1.29,0.09,78,Clouds,scattered clouds,06-06-2023 08:00:00,2744
288.18,0.92,0.08,67,Clouds,scattered clouds,13-06-2023 03:00:00,415
300.99,1.23,0.04,99,Rain,moderate rain,15-06-2023 11:00:00,3342
309.94,0.28,0.04,22,Rain,moderate rain,16-06-2023 11:00:00,4291
301.06,1.25,0.07,62,Clouds,overcast clouds,10-07-2023 09:00:00,3495
288.04,1.11,0.02,87,Rain,heavy intensity rain,12-07-2023 02:00:00,812
298.02,0.49,0.02,56,Rain,drizzle,15-07-2023 16:00:00,4046
294.83,0.77,0.04,34,Rain,heavy intensity rain,02-08-2023 08:00:00,4150
291.28,0.47,0.02,72,Rain,heavy intensity rain,05-08-2023 01:00:00,1096
292.77,1.39,0.05,92,Rain,moderate rain,30-08-2023 07:00:00,3612
289.73,0.47,0.12,21,Rain,very heavy rain,01-09-2023 16:00:00,5452
291.66,0.45,0.06,86,Clouds,scattered clouds,02-09-2023 15:00:00,3097
280.03,1.3,0.03,16,Rain,very heavy rain,04-09-2023 07:00:00,3873
275.99,0.17,0.34,97,Snow,light snow,06-09-2023 21:00:00,1757
284.98,0.2,0.1,71,Clouds,scattered clouds,07-09-2023 23:00:00,787
275.53,0.08,0.51,74,Clouds,broken clouds,16-09-2023 03:00:00,725
278.76,0.35,0.04,60,Clouds,scattered clouds,21-09-2023 04:00:00,878
282.14,1.09,0.06,94,Clouds,broken clouds,29-09-2023 00:00:00,222
282.17,0.37,0.11,64,Clouds,overcast clouds,03-10-2023 08:00:00,5526
294.1,1.3,0.05,17,Mist,fog,05-10-2023 16:00:00,4587
265.16,0.11,0.05,64,Snow,heavy snow,03-11-2023 05:00:00,253
272.72,0.18,0.43,75,Clouds,overcast clouds,01-12-2023 16:00:00,3394
278.72,1.57,0.07,22,Mist,fog,02-12-2023 12:00:00,2405
263.91,0.07,0.42,90,Snow,heavy snow,17-12-2023 03:00:00,651
272.67,0.15,0.47,87,Clouds,scattered clouds,20-12-2023 00:00:00,530
265.72,0.1,0.15,22,Snow,shower snow,22-12-2023 06:00:00,3386
276.65,1.52,0.1,58,Rain,light rain,23-12-2023 15:00:00,2525
274.39,0.16,0.47,33,Clouds,overcast clouds,23-12-2023 18:00:00,4112
265.66,0.04,0.11,58,Clouds,broken clouds,31-12-2023 05:00:00,914
261.61,0.13,0.53,55,Clouds,scattered clouds,31-12-2023 21:00:00,2414
271.24,0.06,0.41,37,Snow,light snow,07-01-2024 15:00:00,3478
260.27,0.17,0.35,87,Clouds,overcast clouds,08-01-2024 20:00:00,1607
264.12,0.07,0.08,33,Snow,light snow,15-01-2024 03:00:00,879
274.83,0.01,0.21,96,Snow,light snow,27-01-2024 17:00:00,3718
275.78,0.08,0.06,28,Snow,snow,29-01-2024 08:00:00,3865
271.97,0.15,0.23,63,Clouds,overcast clouds,29-01-2024 13:00:00,3523
265.32,0.02,0.45,35,Snow,heavy snow,02-02-2024 02:00:00,253
278.46,0.31,0.02,36,Clear,few clouds,09-02-2024 08:00:00,5733
273.11,0.08,0.4,93,Clouds,broken clouds,24-02-2024 03:00:00,290
269.79,0.13,0.14,57,Clouds,broken clouds,27-02-2024 12:00:00,3753
268.05,0.11,0.07,53,Clouds,broken clouds,01-03-2024 16:00:00,3615
266.58,0.12,0.46,69,Snow,light snow,13-03-2024 09:00:00,2489
286.59,0.18,0.1,96,Rain,very heavy rain,08-04-2024 12:00:00,4528
287.35,0.47,0.08,77,Rain,heavy intensity rain,10-04-2024 03:00:00,640
278.36,0.12,0.06,62,Rain,heavy intensity rain,15-04-2024 04:00:00,827
275.62,0.03,0.4,22,Clouds,broken clouds,23-04-2024 00:00:00,807
278.85,0.67,0.07,85,Clouds,overcast clouds,23-04-2024 06:00:00,5244
294.69,0.81,0.02,88,Clouds,overcast clouds,24-04-2024 13:00:00,2125
284.71,1.13,0.08,81,Rain,very heavy rain,27-04-2024 00:00:00,359
289.36,1.34,0.02,36,Rain,very heavy rain,29-04-2024 04:00:00,387
276.89,1.0,0.05,95,Clouds,scattered clouds,29-04-2024 21:00:00,1423
285.73,1.42,0.07,65,Clouds,scattered clouds,02-05-2024 06:00:00,4894
290.11,0.23,0.03,81,Clouds,overcast clouds,02-05-2024 07:00:00,3710
283.63,0.21,0.04,28,Mist,fog,10-05-2024 20:00:00,2240
288.33,0.97,0.06,64,Rain,very heavy rain,24-05-2024 17:00:00,3320
277.38,1.47,0.05,66,Rain,very heavy rain,28-05-2024 19:00:00,3922
294.9,1.32,0.04,17,Clear,sky is clear,05-06-2024 05:00:00,288
302.61,0.56,0.09,71,Clouds,scattered clouds,05-06-2024 18:00:00,4369
290.27,1.37,0.09,71,Clouds,broken clouds,12-06-2024 02:00:00,772
296.33,1.19,0.05,35,Clear,sky is clear,13-06-2024 11:00:00,2817
304.72,0.45,0.06,40,Clear,few clouds,01-07-2024 07:00:00,4808
301.76,1.07,0.02,74,Rain,heavy intensity rain,02-07-2024 09:00:00,4183
309.3,0.81,0.07,37,Rain,heavy intensity rain,09-07-2024 10:00:00,2205
292.91,1.42,0.1,64,Rain,moderate rain,11-07-2024 07:00:00,4366
298.93,0.71,0.01,41,Clear,few clouds,20-07-2024 14:00:00,3141
289.25,1.33,0.03,97,Clouds,broken clouds,21-07-2024 01:00:00,827
296.3,1.48,0.1,97,Rain,moderate rain,09-08-2024 17:00:00,4107
298.86,0.69,0.02,81,Clouds,overcast clouds,10-08-2024 00:00:00,633
300.71,1.02,0.04,86,Rain,light rain,11-08-2024 18:00:00,4221
291.98,0.49,0.08,96,Clouds,overcast clouds,17-08-2024 02:00:00,555
275.6,0.16,0.43,39,Clouds,overcast clouds,16-09-2024 00:00:00,529
288.1,1.1,0.12,32,Rain,very heavy rain,19-09-2024 06:00:00,3758
287.33,1.64,0.1,19,Rain,moderate rain,01-10-2024 17:00:00,4606
289.53,1.12,0.07,75,Clouds,overcast clouds,12-10-2024 05:00:00,597
280.69,1.24,0.09,27,Clear,few clouds,13-10-2024 22:00:00,2168
277.23,1.44,0.06,60,Clouds,broken clouds,20-10-2024 22:00:00,1759
287.67,0.8,0.11,74,Clouds,overcast clouds,23-10-2024 04:00:00,322
271.88,0.16,0.3,75,Snow,heavy snow,02-11-2024 01:00:00,476
261.95,0.08,0.14,34,Snow,sleet,07-11-2024 20:00:00,1489
270.57,0.12,0.29,38,Snow,light snow,10-11-2024 22:00:00,1312
269.83,0.14,0.13,41,Snow,light snow,14-11-2024 01:00:00,302
266.62,0.09,0.26,96,Snow,shower snow,18-11-2024 20:00:00,1706
280.62,1.26,0.07,16,Rain,light rain,29-11-2024 13:00:00,2656
271.34,0.1,0.09,59,Snow,light snow,01-12-2024 13:00:00,2075
264.95,0.1,0.31,52,Snow,snow,12-12-2024 01:00:00,509
271.65,0.17,0.14,77,Clouds,scattered clouds,14-12-2024 10:00:00,3518
269.73,0.1,0.05,31,Snow,light snow,25-12-2024 13:00:00,3439
272.09,0.11,0.36,47,Snow,light snow,31-12-2024 04:00:00,758
276.93,0.72,0.05,21,Mist,haze,14-01-2025 14:00:00,3227
276.31,1.06,0.04,41,Mist,haze,25-01-2025 09:00:00,4653
270.94,0.13,0.09,68,Snow,light snow,27-01-2025 01:00:00,753
270.58,0.15,0.44,40,Clouds,broken clouds,28-01-2025 05:00:00,399
266.76,0.17,0.15,85,Snow,light snow,07-02-2025 21:00:00,1382
277.61,1.12,0.03,29,Rain,drizzle,08-02-2025 16:00:00,3158
273.29,0.09,0.37,27,Clouds,scattered clouds,16-02-2025 21:00:00,1565
273.39,0.13,0.22,20,Snow,light snow,13-03-2025 20:00:00,1567
273.64,0.12,0.11,20,Snow,sleet,05-04-2025 00:00:00,655
282.05,0.6,0.02,26,Rain,very heavy rain,06-04-2025 05:00:00,528
284.48,0.82,0.06,64,Clouds,scattered clouds,08-04-2025 03:00:00,262
289.49,1.4,0.02,22,Mist,haze,11-04-2025 20:00:00,2365
278.82,0.62,0.01,93,Clouds,overcast clouds,22-04-2025 00:00:00,383
294.78,0.23,0.06,76,Rain,heavy intensity rain,22-04-2025 10:00:00,3887
287.86,1.13,0.09,16,Clear,few clouds,19-05-2025 06:00:00,4223
274.99,0.05,0.38,94,Snow,sleet,23-05-2025 23:00:00,829
308.73,1.03,0.01,86,Clouds,overcast clouds,19-06-2025 11:00:00,3743
289.87,0.84,0.04,36,Clear,sky is clear,26-06-2025 20:00:00,2251
302.09,0.18,0.06,66,Clouds,scattered clouds,09-07-2025 05:00:00,760
292.56,1.62,0.09,72,Rain,very heavy rain,22-07-2025 21:00:00,1794
288.75,0.2,0.08,85,Clouds,broken clouds,23-07-2025 04:00:00,770
292.94,1.12,0.11,86,Rain,light rain,25-07-2025 19:00:00,3730
303.75,1.04,0.06,57,Clouds,overcast clouds,01-08-2025 13:00:00,3193
298.83,0.6,0.1,99,Clouds,broken clouds,04-08-2025 12:00:00,4131
295.58,0.31,0.03,28,Mist,mist,04-08-2025 14:00:00,3641
297.84,0.24,0.1,93,Rain,moderate rain,05-08-2025 10:00:00,3984
297.86,0.12,0.08,28,Clear,few clouds,14-08-2025 00:00:00,718
302.09,0.86,0.12,99,Rain,light rain,14-08-2025 16:00:00,4929
300.49,0.86,0.11,89,Rain,drizzle,23-08-2025 16:00:00,3490
288.21,1.1,0.08,31,Rain,very heavy rain,25-08-2025 01:00:00,574
277.48,1.59,0.12,46,Rain,moderate rain,08-09-2025 23:00:00,748
277.84,1.17,0.1,80,Clouds,overcast clouds,16-09-2025 01:00:00,657
289.92,0.51,0.05,41,Clear,few clouds,27-09-2025 15:00:00,3072
287.04,0.98,0.11,60,Clouds,overcast clouds,29-09-2025 17:00:00,4298
293.21,0.89,0.01,69,Rain,light rain,10-10-2025 10:00:00,2529
287.87,1.14,0.03,35,Rain,heavy intensity rain,26-10-2025 02:00:00,372
266.57,0.11,0.27,19,Clouds,scattered clouds,21-11-2025 19:00:00,4901
271.34,0.13,0.45,45,Clouds,broken clouds,28-11-2025 17:00:00,3955
279.7,0.14,0.09,55,Rain,very heavy rain,29-11-2025 16:00:00,4523
277.17,1.09,0.09,96,Clouds,overcast clouds,06-12-2025 10:00:00,2779
269.89,0.13,0.13,39,Snow,snow,10-12-2025 15:00:00,2336
266.47,0.04,0.17,69,Clouds,broken clouds,19-12-2025 06:00:00,3934
260.56,0.02,0.2,20,Clouds,overcast clouds,27-12-2025 02:00:00,558
278.54,0.93,0.02,77,Clouds,overcast clouds,07-01-2026 10:00:00,2952
267.59,0.08,0.3,81,Snow,light snow,07-01-2026 12:00:00,2955
270.36,0.06,0.21,42,Clouds,broken clouds,07-01-2026 20:00:00,2849
266.49,0.09,0.38,98,Clouds,overcast clouds,11-01-2026 13:00:00,3036
265.85,0.03,0.45,56,Snow,heavy snow,15-01-2026 04:00:00,230
273.41,0.09,0.3,62,Snow,snow,19-01-2026 15:00:00,3039
269.18,0.1,0.53,27,Snow,light snow,22-01-2026 12:00:00,2772
271.94,0.03,0.26,42,Snow,sleet,23-01-2026 22:00:00,2487
273.95,0.09,0.12,24,Snow,light snow,24-01-2026 06:00:00,2549
272.09,0.05,0.33,47,Snow,sleet,24-01-2026 17:00:00,4327
268.23,0.03,0.24,70,Snow,shower snow,31-01-2026 07:00:00,2894
258.83,0.07,0.47,89,Snow,heavy snow,09-02-2026 02:00:00,847
265.63,0.08,0.43,92,Snow,light snow,14-02-2026 16:00:00,4008
260.28,0.15,0.24,43,Snow,snow,24-02-2026 02:00:00,444
271.87,0.1,0.52,97,Snow,light snow,26-02-2026 10:00:00,1941
271.49,0.02,0.32,91,Snow,heavy snow,27-02-2026 15:00:00,2641
279.97,0.28,0.03,97,Clouds,broken clouds,12-03-2026 11:00:00,3395
268.08,0.15,0.45,29,Rain,drizzle,22-03-2026 15:00:00,3576
271.15,0.03,0.07,24,Clouds,broken clouds,25-03-2026 12:00:00,4062
284.22,0.43,0.04,31,Rain,moderate rain,01-04-2026 21:00:00,2350
281.13,1.04,0.04,77,Clouds,overcast clouds,03-04-2026 21:00:00,2158
295.92,0.32,0.04,55,Clouds,overcast clouds,06-04-2026 12:00:00,4386
292.01,0.26,0.09,50,Clouds,broken clouds,10-04-2026 08:00:00,5124
285.66,0.83,0.02,60,Clouds,scattered clouds,14-04-2026 03:00:00,445
289.31,0.36,0.09,32,Clear,sky is clear,16-04-2026 19:00:00,5677
276.19,0.98,0.05,95,Clouds,scattered clouds,17-04-2026 20:00:00,2090
283.44,1.29,0.05,84,Rain,drizzle,24-04-2026 05:00:00,828
286.76,0.87,0.05,32,Clear,sky is clear,30-04-2026 16:00:00,4113
278.26,1.57,0.08,35,Mist,fog,03-05-2026 04:00:00,213
282.41,0.47,0.04,77,Clouds,overcast clouds,16-05-2026 17:00:00,5079
285.74,0.78,0.02,64,Clouds,broken clouds,22-05-2026 07:00:00,3722
283.69,0.49,0.09,81,Clouds,overcast clouds,24-05-2026 03:00:00,428
285.99,0.63,0.08,63,Clouds,overcast clouds,24-05-2026 19:00:00,4630
307.84,0.41,0.05,63,Clouds,broken clouds,02-06-2026 16:00:00,5594
301.13,0.06,0.11,76,Rain,moderate rain,14-06-2026 21:00:00,1857
305.0,0.39,0.03,80,Rain,light rain,25-06-2026 13:00:00,3543
307.67,1.2,0.06,68,Rain,moderate rain,26-06-2026 12:00:00,2598
286.99,0.12,0.07,67,Rain,drizzle,06-07-2026 01:00:00,290
290.95,0.32,0.11,88,Clouds,broken clouds,09-07-2026 04:00:00,863
303.75,1.46,0.09,87,Clouds,scattered clouds,16-07-2026 15:00:00,2675
300.11,0.32,0.1,75,Clouds,overcast clouds,10-08-2026 22:00:00,3380
297.17,0.87,0.03,38,Mist,haze,13-08-2026 21:00:00,2066
292.88,0.22,0.03,63,Clouds,overcast clouds,15-08-2026 22:00:00,3101
299.5,1.02,0.03,68,Clouds,overcast clouds,20-08-2026 02:00:00,240
300.8,0.24,0.06,83,Rain,drizzle,28-08-2026 16:00:00,5808
300.56,1.29,0.08,15,Mist,mist,30-08-2026 02:00:00,751
